"Timestamp","Name:","Department:","Github repository link:(Make visible to kpselvi7291@gmail.com"
"2024/06/11 3:46:26 PM GMT+5:30","Sankalp B Chandavarkar ","CCE","https://github.com/sankalpsa/placement_training_coding_questions/tree/main"
"2024/06/11 3:49:09 PM GMT+5:30","Aditi Diwakar ","CSE","https://github.com/aditidiwakar/c-program-"
"2024/06/11 8:33:57 PM GMT+5:30","Yashwin K Shetty","ECE","Yes"
"2024/06/11 9:55:40 PM GMT+5:30","Aditi Diwakar ","CSE","https://github.com/aditidiwakar/Assignment/tree/main"
"2024/06/11 10:39:09 PM GMT+5:30","Chirag G S","AIML","https://github.com/gschirag74?tab=repositories"
"2024/06/12 8:31:29 AM GMT+5:30","Pratham P Sheth","ECE","https://github.com/shutup-p/practice_codes.git"
"2024/06/12 9:13:22 AM GMT+5:30","Nihal Gatty","AIML","https://github.com/PinaColadaMan/PrePlacement"
"2024/06/12 1:12:54 PM GMT+5:30","Deekshith","RAI","https://github.com/Dikxth/C_Training_Assignment/"
"2024/06/12 2:06:23 PM GMT+5:30","Sharon Kuratti","ISE","https://github.com/steven-swag/placement_training_problems"
"2024/06/12 2:19:36 PM GMT+5:30","Vaibhav","ISE","https://github.com/Vaibhav24422003/Training_C_programs.git"
"2024/06/12 3:27:27 PM GMT+5:30","Deeksha BV ","ECE","https://github.com/DeekshaBV/Cprograms"
"2024/06/12 3:39:35 PM GMT+5:30","Rahul Raj","AIML","https://github.com/raaahuuull/Placement-training-Assignment-"
"2024/06/12 3:43:15 PM GMT+5:30","swaroop","RAI","https://github.com/swarooppoojary/training"
"2024/06/12 3:55:59 PM GMT+5:30","Sanketh K K","RAI","https://github.com/sankykamikaze/training"
"2024/06/12 3:58:29 PM GMT+5:30","Thashwini","CCE","https://github.com/Thashwini14/placementTraining.git"
"2024/06/12 4:00:17 PM GMT+5:30","Bindiya K","CCE","https://github.com/bin-diya-k/Placement-training"
"2024/06/12 4:03:14 PM GMT+5:30","srinidhi adiga ","ISE","https://github.com/srinidhi177"
"2024/06/12 4:06:33 PM GMT+5:30","Amogh Udaya Kumar S","RAI","https://github.com/Amogh002/Training"
"2024/06/12 4:14:09 PM GMT+5:30","Mithesh d amin","ECE","github.com/mithesh777/c-program"
"2024/06/12 4:16:58 PM GMT+5:30","Meghana G","CCE","https://github.com/Meghana-G-2001/Placement-Training"
"2024/06/12 5:39:45 PM GMT+5:30","Samarth Baliga","CSE","https://github.com/sambaliga06/assignmentC"
"2024/06/12 7:11:23 PM GMT+5:30","Chirag N Poojary ","ECE","https://github.com/chiragpoojary18/c-programming/tree/00cc5edd0f54b387a3c669b353aebcb3aa58d1ad"
"2024/06/12 10:07:49 PM GMT+5:30","Nancy Parmar","CCE","https://github.com/Nancy-30122003/C-Codes.git"
"2024/06/13 9:13:29 AM GMT+5:30","Parinitha","ISE","https://github.com/Parinitha245/C-code-Placement-Training.git"